{
  "headline": {
    "rlvr_only": {
      "align": 0.28053553875140236,
      "magnitude": 0.46589128291909476,
      "G": 0.13069906205329027
    },
    "rlvr_plus_sme": {
      "align": 0.3175691186379412,
      "magnitude": 0.41963595742801246,
      "G": 0.13326342114920253
    },
    "delta_G": 0.0025643590959122664,
    "helps": true,
    "params": {
      "K": 8,
      "n_groups": 4000,
      "rho_V": 0.35,
      "verifier_threshold": 0.55,
      "p_label": 0.3,
      "eps_override": 0.1,
      "sme_noise": 0.2,
      "lam": 0.5,
      "seed": 0
    }
  },
  "learning_curve": {
    "steps_to_target_rlvr": 7,
    "steps_to_target_sme": 6,
    "final_value_rlvr": 1.0,
    "final_value_sme": 1.0,
    "speedup_x": 1.167
  },
  "sweep": {
    "lams": [
      0.0,
      0.25,
      0.5,
      0.75,
      1.0
    ],
    "epss": [
      0.0,
      0.1,
      0.25,
      0.4,
      0.5
    ],
    "delta_G_grid": [
      [
        0.0,
        0.0044,
        0.0087,
        0.0131,
        0.0174
      ],
      [
        0.0,
        0.0013,
        0.0026,
        0.0038,
        0.0051
      ],
      [
        0.0,
        -0.0031,
        -0.0063,
        -0.0094,
        -0.0126
      ],
      [
        0.0,
        -0.0076,
        -0.0152,
        -0.0228,
        -0.0304
      ],
      [
        0.0,
        -0.0106,
        -0.0213,
        -0.0319,
        -0.0426
      ]
    ]
  }
}